x,y,R,G,B,,
,,,,,,
1,2,0,0,0,,MapaPismeneZVybranehoSloupce-0-0.json
1,6,0,0,0,,
1,7,0,0,0,,
1,8,0,0,0,,
1,9,0,0,0,,
1,10,0,0,0,,
2,2,0,0,0,,
2,6,0,0,0,,
2,10,0,0,0,,
3,2,0,0,0,,
3,6,0,0,0,,
3,10,0,0,0,,
3,11,0,0,0,,
4,1,0,0,0,,
4,2,0,0,0,,
4,5,0,0,0,,
4,6,0,0,0,,
4,10,0,0,0,,
4,11,0,0,0,,
5,1,0,0,0,,
5,2,0,0,0,,
5,5,0,0,0,,
5,6,0,0,0,,
5,10,0,0,0,,
6,2,0,0,0,,
6,5,0,0,0,,
6,6,0,0,0,,
6,10,0,0,0,,
7,2,0,0,0,,
7,3,0,0,0,,
7,4,0,0,0,,
7,5,0,0,0,,
7,6,0,0,0,,
7,7,0,0,0,,
7,8,0,0,0,,
7,9,0,0,0,,
7,10,0,0,0,,
8,3,0,0,0,,
8,4,0,0,0,,
8,5,0,0,0,,
8,6,0,0,0,,
8,7,0,0,0,,
8,8,0,0,0,,
8,9,0,0,0,,
8,10,0,0,0,,
8,11,0,0,0,,
,,,,,,
,,,,,,
,,,,,,
1,1,0,0,0,,MapaPismeneZVybranehoSloupce-0-1.json
1,2,0,0,0,,
1,3,0,0,0,,
1,4,0,0,0,,
1,5,0,0,0,,
1,6,0,0,0,,
1,7,0,0,0,,
1,8,0,0,0,,
1,9,0,0,0,,
1,10,0,0,0,,
1,11,0,0,0,,
1,12,0,0,0,,
1,13,0,0,0,,
1,14,0,0,0,,
1,15,0,0,0,,
2,1,0,0,0,,
2,2,0,0,0,,
2,3,0,0,0,,
2,4,0,0,0,,
2,5,0,0,0,,
2,6,0,0,0,,
2,7,0,0,0,,
2,8,0,0,0,,
2,9,0,0,0,,
2,10,0,0,0,,
2,11,0,0,0,,
2,12,0,0,0,,
2,13,0,0,0,,
3,6,0,0,0,,
3,7,0,0,0,,
3,13,0,0,0,,
4,6,0,0,0,,
4,14,0,0,0,,
5,6,0,0,0,,
5,14,0,0,0,,
6,5,0,0,0,,
6,6,0,0,0,,
6,14,0,0,0,,
6,15,0,0,0,,
7,5,0,0,0,,
7,6,0,0,0,,
7,14,0,0,0,,
7,15,0,0,0,,
8,6,0,0,0,,
8,7,0,0,0,,
8,13,0,0,0,,
8,14,0,0,0,,
9,7,0,0,0,,
9,8,0,0,0,,
9,9,0,0,0,,
9,10,0,0,0,,
9,11,0,0,0,,
9,12,0,0,0,,
9,13,0,0,0,,
,,,,,,
,,,,,,
,,,,,,
1,3,0,0,0,,MapaPismeneZVybranehoSloupce-0-2.json
1,4,0,0,0,,
1,5,0,0,0,,
1,6,0,0,0,,
1,7,0,0,0,,
1,8,0,0,0,,
1,9,0,0,0,,
2,2,0,0,0,,
2,3,0,0,0,,
2,9,0,0,0,,
2,10,0,0,0,,
3,2,0,0,0,,
3,10,0,0,0,,
4,1,0,0,0,,
4,2,0,0,0,,
4,10,0,0,0,,
4,11,0,0,0,,
5,1,0,0,0,,
5,2,0,0,0,,
5,10,0,0,0,,
5,11,0,0,0,,
6,2,0,0,0,,
6,10,0,0,0,,
7,2,0,0,0,,
7,10,0,0,0,,
,,,,,,
,,,,,,
,,,,,,
1,1,0,0,0,,MapaPismeneZVybranehoSloupce-0-3.json
1,11,0,0,0,,
2,1,0,0,0,,
2,2,0,0,0,,
2,9,0,0,0,,
2,10,0,0,0,,
2,11,0,0,0,,
3,2,0,0,0,,
3,3,0,0,0,,
3,4,0,0,0,,
3,8,0,0,0,,
3,9,0,0,0,,
4,4,0,0,0,,
4,5,0,0,0,,
4,6,0,0,0,,
4,7,0,0,0,,
5,5,0,0,0,,
5,6,0,0,0,,
5,7,0,0,0,,
6,5,0,0,0,,
6,6,0,0,0,,
6,7,0,0,0,,
6,8,0,0,0,,
7,3,0,0,0,,
7,4,0,0,0,,
7,7,0,0,0,,
7,8,0,0,0,,
7,9,0,0,0,,
7,10,0,0,0,,
8,1,0,0,0,,
8,2,0,0,0,,
8,3,0,0,0,,
8,9,0,0,0,,
8,10,0,0,0,,
8,11,0,0,0,,
9,1,0,0,0,,
9,11,0,0,0,,
,,,,,,
,,,,,,
,,,,,,
1,1,0,0,0,,MapaPismeneZVybranehoSloupce-0-4.json
1,2,0,0,0,,
2,1,0,0,0,,
2,2,0,0,0,,
2,3,0,0,0,,
2,4,0,0,0,,
2,5,0,0,0,,
3,4,0,0,0,,
3,5,0,0,0,,
3,6,0,0,0,,
3,7,0,0,0,,
4,7,0,0,0,,
4,8,0,0,0,,
4,9,0,0,0,,
4,10,0,0,0,,
4,14,0,0,0,,
4,15,0,0,0,,
5,8,0,0,0,,
5,9,0,0,0,,
5,10,0,0,0,,
5,11,0,0,0,,
5,12,0,0,0,,
5,13,0,0,0,,
5,14,0,0,0,,
6,8,0,0,0,,
6,9,0,0,0,,
6,10,0,0,0,,
6,11,0,0,0,,
7,5,0,0,0,,
7,6,0,0,0,,
7,7,0,0,0,,
7,8,0,0,0,,
7,9,0,0,0,,
8,2,0,0,0,,
8,3,0,0,0,,
8,4,0,0,0,,
8,5,0,0,0,,
8,6,0,0,0,,
9,1,0,0,0,,
9,2,0,0,0,,
,,,,,,
,,,,,,
,,,,,,
1,1,0,0,0,,MapaPismeneZVybranehoSloupce-0-5.json
1,2,0,0,0,,
1,9,0,0,0,,
1,10,0,0,0,,
1,11,0,0,0,,
2,1,0,0,0,,
2,2,0,0,0,,
2,7,0,0,0,,
2,8,0,0,0,,
2,9,0,0,0,,
2,10,0,0,0,,
2,11,0,0,0,,
3,1,0,0,0,,
3,2,0,0,0,,
3,6,0,0,0,,
3,7,0,0,0,,
3,10,0,0,0,,
3,11,0,0,0,,
4,1,0,0,0,,
4,2,0,0,0,,
4,4,0,0,0,,
4,5,0,0,0,,
4,6,0,0,0,,
4,10,0,0,0,,
4,11,0,0,0,,
5,1,0,0,0,,
5,2,0,0,0,,
5,3,0,0,0,,
5,4,0,0,0,,
5,10,0,0,0,,
5,11,0,0,0,,
6,1,0,0,0,,
6,2,0,0,0,,
6,10,0,0,0,,
6,11,0,0,0,,
,,,,,,
,,,,,,
,,,,,,
1,2,0,0,0,,MapaPismeneZVybranehoSloupce-1-0.json
1,3,0,0,0,,
1,4,0,0,0,,
1,5,0,0,0,,
1,6,0,0,0,,
1,7,0,0,0,,
1,8,0,0,0,,
2,1,0,0,0,,
2,2,0,0,0,,
2,4,0,0,0,,
2,5,0,0,0,,
2,8,0,0,0,,
2,9,0,0,0,,
3,1,0,0,0,,
3,4,0,0,0,,
3,5,0,0,0,,
3,9,0,0,0,,
4,1,0,0,0,,
4,4,0,0,0,,
4,5,0,0,0,,
4,9,0,0,0,,
4,10,0,0,0,,
5,1,0,0,0,,
5,4,0,0,0,,
5,5,0,0,0,,
5,9,0,0,0,,
5,10,0,0,0,,
6,1,0,0,0,,
6,4,0,0,0,,
6,5,0,0,0,,
6,9,0,0,0,,
6,10,0,0,0,,
7,1,0,0,0,,
7,2,0,0,0,,
7,4,0,0,0,,
7,5,0,0,0,,
7,9,0,0,0,,
8,2,0,0,0,,
8,3,0,0,0,,
8,4,0,0,0,,
8,5,0,0,0,,
8,9,0,0,0,,
,,,,,,
,,,,,,
,,,,,,
1,1,0,0,0,,MapaPismeneZVybranehoSloupce-1-1.json
1,5,0,0,0,,
1,6,0,0,0,,
1,7,0,0,0,,
1,8,0,0,0,,
1,9,0,0,0,,
2,1,0,0,0,,
2,5,0,0,0,,
2,9,0,0,0,,
3,1,0,0,0,,
3,5,0,0,0,,
3,9,0,0,0,,
3,10,0,0,0,,
4,1,0,0,0,,
4,4,0,0,0,,
4,5,0,0,0,,
4,9,0,0,0,,
4,10,0,0,0,,
5,1,0,0,0,,
5,4,0,0,0,,
5,5,0,0,0,,
5,9,0,0,0,,
6,1,0,0,0,,
6,4,0,0,0,,
6,5,0,0,0,,
6,9,0,0,0,,
7,1,0,0,0,,
7,2,0,0,0,,
7,3,0,0,0,,
7,4,0,0,0,,
7,5,0,0,0,,
7,6,0,0,0,,
7,7,0,0,0,,
7,8,0,0,0,,
7,9,0,0,0,,
8,2,0,0,0,,
8,3,0,0,0,,
8,4,0,0,0,,
8,5,0,0,0,,
8,6,0,0,0,,
8,7,0,0,0,,
8,8,0,0,0,,
8,9,0,0,0,,
8,10,0,0,0,,
,,,,,,
,,,,,,
,,,,,,
1,1,0,0,0,,MapaPismeneZVybranehoSloupce-2-0.json
1,2,0,0,0,,
2,1,0,0,0,,
2,2,0,0,0,,
2,3,0,0,0,,
2,4,0,0,0,,
2,5,0,0,0,,
3,4,0,0,0,,
3,5,0,0,0,,
3,6,0,0,0,,
3,7,0,0,0,,
3,8,0,0,0,,
4,8,0,0,0,,
4,9,0,0,0,,
4,10,0,0,0,,
4,11,0,0,0,,
5,9,0,0,0,,
5,10,0,0,0,,
5,11,0,0,0,,
6,8,0,0,0,,
6,9,0,0,0,,
6,10,0,0,0,,
7,5,0,0,0,,
7,6,0,0,0,,
7,7,0,0,0,,
8,1,0,0,0,,
8,2,0,0,0,,
8,3,0,0,0,,
8,4,0,0,0,,
9,1,0,0,0,,
9,2,0,0,0,,
9,3,0,0,0,,
9,4,0,0,0,,
10,4,0,0,0,,
10,5,0,0,0,,
10,6,0,0,0,,
10,7,0,0,0,,
11,8,0,0,0,,
11,9,0,0,0,,
11,10,0,0,0,,
12,9,0,0,0,,
12,10,0,0,0,,
12,11,0,0,0,,
13,9,0,0,0,,
13,10,0,0,0,,
13,11,0,0,0,,
14,5,0,0,0,,
14,6,0,0,0,,
14,7,0,0,0,,
14,8,0,0,0,,
15,1,0,0,0,,
15,2,0,0,0,,
15,3,0,0,0,,
15,4,0,0,0,,
15,5,0,0,0,,
16,1,0,0,0,,
16,2,0,0,0,,
,,,,,,
,,,,,,
,,,,,,
1,7,0,0,0,,MapaPismeneZVybranehoSloupce-2-1.json
1,8,0,0,0,,
1,9,0,0,0,,
1,10,0,0,0,,
1,11,0,0,0,,
1,12,0,0,0,,
1,13,0,0,0,,
2,6,0,0,0,,
2,7,0,0,0,,
2,13,0,0,0,,
2,14,0,0,0,,
3,6,0,0,0,,
3,14,0,0,0,,
3,15,0,0,0,,
4,5,0,0,0,,
4,6,0,0,0,,
4,14,0,0,0,,
4,15,0,0,0,,
5,6,0,0,0,,
5,14,0,0,0,,
6,6,0,0,0,,
6,14,0,0,0,,
7,6,0,0,0,,
7,7,0,0,0,,
7,13,0,0,0,,
8,1,0,0,0,,
8,2,0,0,0,,
8,3,0,0,0,,
8,4,0,0,0,,
8,5,0,0,0,,
8,6,0,0,0,,
8,7,0,0,0,,
8,8,0,0,0,,
8,9,0,0,0,,
8,10,0,0,0,,
8,11,0,0,0,,
8,12,0,0,0,,
8,13,0,0,0,,
9,1,0,0,0,,
9,2,0,0,0,,
9,3,0,0,0,,
9,4,0,0,0,,
9,5,0,0,0,,
9,6,0,0,0,,
9,7,0,0,0,,
9,8,0,0,0,,
9,9,0,0,0,,
9,10,0,0,0,,
9,11,0,0,0,,
9,12,0,0,0,,
9,13,0,0,0,,
9,14,0,0,0,,
9,15,0,0,0,,
,,,,,,
,,,,,,
,,,,,,
1,3,0,0,0,,MapaPismeneZVybranehoSloupce-3-0.json
1,4,0,0,0,,
1,5,0,0,0,,
1,6,0,0,0,,
1,7,0,0,0,,
1,8,0,0,0,,
1,9,0,0,0,,
2,2,0,0,0,,
2,3,0,0,0,,
2,9,0,0,0,,
2,10,0,0,0,,
3,2,0,0,0,,
3,10,0,0,0,,
3,11,0,0,0,,
4,1,0,0,0,,
4,2,0,0,0,,
4,10,0,0,0,,
4,11,0,0,0,,
5,2,0,0,0,,
5,10,0,0,0,,
6,2,0,0,0,,
6,10,0,0,0,,
7,3,0,0,0,,
7,9,0,0,0,,
7,10,0,0,0,,
8,3,0,0,0,,
8,4,0,0,0,,
8,5,0,0,0,,
8,6,0,0,0,,
8,7,0,0,0,,
8,8,0,0,0,,
8,9,0,0,0,,
8,10,0,0,0,,
8,11,0,0,0,,
8,12,0,0,0,,
8,13,0,0,0,,
8,14,0,0,0,,
8,15,0,0,0,,
9,1,0,0,0,,
9,2,0,0,0,,
9,3,0,0,0,,
9,4,0,0,0,,
9,5,0,0,0,,
9,6,0,0,0,,
9,7,0,0,0,,
9,8,0,0,0,,
9,9,0,0,0,,
9,10,0,0,0,,
9,11,0,0,0,,
9,12,0,0,0,,
9,13,0,0,0,,
9,14,0,0,0,,
9,15,0,0,0,,
,,,,,,
,,,,,,
,,,,,,
1,3,0,0,0,,MapaPismeneZVybranehoSloupce-3-1.json
1,4,0,0,0,,
1,5,0,0,0,,
1,6,0,0,0,,
1,7,0,0,0,,
1,8,0,0,0,,
1,9,0,0,0,,
2,2,0,0,0,,
2,3,0,0,0,,
2,9,0,0,0,,
2,10,0,0,0,,
3,2,0,0,0,,
3,10,0,0,0,,
3,11,0,0,0,,
4,1,0,0,0,,
4,2,0,0,0,,
4,10,0,0,0,,
4,11,0,0,0,,
5,2,0,0,0,,
5,10,0,0,0,,
6,2,0,0,0,,
6,10,0,0,0,,
7,3,0,0,0,,
7,9,0,0,0,,
7,10,0,0,0,,
8,3,0,0,0,,
8,4,0,0,0,,
8,5,0,0,0,,
8,6,0,0,0,,
8,7,0,0,0,,
8,8,0,0,0,,
8,9,0,0,0,,
8,10,0,0,0,,
8,11,0,0,0,,
8,12,0,0,0,,
8,13,0,0,0,,
8,14,0,0,0,,
8,15,0,0,0,,
9,1,0,0,0,,
9,2,0,0,0,,
9,3,0,0,0,,
9,4,0,0,0,,
9,5,0,0,0,,
9,6,0,0,0,,
9,7,0,0,0,,
9,8,0,0,0,,
9,9,0,0,0,,
9,10,0,0,0,,
9,11,0,0,0,,
9,12,0,0,0,,
9,13,0,0,0,,
9,14,0,0,0,,
9,15,0,0,0,,
,,,,,,
,,,,,,
,,,,,,
1,1,0,0,0,,MapaPismeneZVybranehoSloupce-3-2.json
1,2,0,0,0,,
1,3,0,0,0,,
1,4,0,0,0,,
1,5,0,0,0,,
1,6,0,0,0,,
1,7,0,0,0,,
1,8,0,0,0,,
1,9,0,0,0,,
1,10,0,0,0,,
1,11,0,0,0,,
1,12,0,0,0,,
1,13,0,0,0,,
1,14,0,0,0,,
1,15,0,0,0,,
2,3,0,0,0,,
2,4,0,0,0,,
2,5,0,0,0,,
2,6,0,0,0,,
2,7,0,0,0,,
2,8,0,0,0,,
2,9,0,0,0,,
2,10,0,0,0,,
2,11,0,0,0,,
2,12,0,0,0,,
2,13,0,0,0,,
2,14,0,0,0,,
2,15,0,0,0,,
3,3,0,0,0,,
3,9,0,0,0,,
3,10,0,0,0,,
4,2,0,0,0,,
4,10,0,0,0,,
5,2,0,0,0,,
5,10,0,0,0,,
6,1,0,0,0,,
6,2,0,0,0,,
6,10,0,0,0,,
6,11,0,0,0,,
7,1,0,0,0,,
7,2,0,0,0,,
7,10,0,0,0,,
7,11,0,0,0,,
8,2,0,0,0,,
8,3,0,0,0,,
8,9,0,0,0,,
8,10,0,0,0,,
9,3,0,0,0,,
9,4,0,0,0,,
9,5,0,0,0,,
9,6,0,0,0,,
9,7,0,0,0,,
9,8,0,0,0,,
9,9,0,0,0,,
,,,,,,
,,,,,,
,,,,,,
1,1,0,0,0,,MapaPismeneZVybranehoSloupce-3-3.json
1,2,0,0,0,,
1,3,0,0,0,,
1,4,0,0,0,,
1,5,0,0,0,,
1,6,0,0,0,,
1,7,0,0,0,,
1,8,0,0,0,,
1,9,0,0,0,,
1,10,0,0,0,,
1,11,0,0,0,,
2,3,0,0,0,,
2,4,0,0,0,,
2,5,0,0,0,,
2,6,0,0,0,,
2,7,0,0,0,,
2,8,0,0,0,,
2,9,0,0,0,,
2,10,0,0,0,,
2,11,0,0,0,,
3,3,0,0,0,,
3,4,0,0,0,,
4,2,0,0,0,,
4,3,0,0,0,,
5,1,0,0,0,,
5,2,0,0,0,,
5,3,0,0,0,,
6,2,0,0,0,,
6,3,0,0,0,,
,,,,,,
,,,,,,
,,,,,,
1,2,0,0,0,,MapaPismeneZVybranehoSloupce-3-4.json
1,3,0,0,0,,
1,4,0,0,0,,
1,5,0,0,0,,
1,10,0,0,0,,
2,2,0,0,0,,
2,5,0,0,0,,
2,6,0,0,0,,
2,10,0,0,0,,
2,11,0,0,0,,
3,1,0,0,0,,
3,2,0,0,0,,
3,5,0,0,0,,
3,6,0,0,0,,
3,10,0,0,0,,
3,11,0,0,0,,
4,1,0,0,0,,
4,2,0,0,0,,
4,6,0,0,0,,
4,10,0,0,0,,
4,11,0,0,0,,
5,2,0,0,0,,
5,6,0,0,0,,
5,7,0,0,0,,
5,10,0,0,0,,
6,2,0,0,0,,
6,7,0,0,0,,
6,8,0,0,0,,
6,9,0,0,0,,
6,10,0,0,0,,
,,,,,,
,,,,,,
,,,,,,
1,3,0,0,0,,MapaPismeneZVybranehoSloupce-3-5.json
1,4,0,0,0,,
2,3,0,0,0,,
2,4,0,0,0,,
3,1,0,0,0,,
3,2,0,0,0,,
3,3,0,0,0,,
3,4,0,0,0,,
3,5,0,0,0,,
3,6,0,0,0,,
3,7,0,0,0,,
3,8,0,0,0,,
3,9,0,0,0,,
3,10,0,0,0,,
3,11,0,0,0,,
3,12,0,0,0,,
4,3,0,0,0,,
4,4,0,0,0,,
4,12,0,0,0,,
4,13,0,0,0,,
5,3,0,0,0,,
5,4,0,0,0,,
5,12,0,0,0,,
5,13,0,0,0,,
6,3,0,0,0,,
6,4,0,0,0,,
6,12,0,0,0,,
,,,,,,
,,,,,,
,,,,,,
,,,,,,
,,,,,,
,,,,,,
,,,,,,
,,,,,,
DataView 3-49,3,49,,,,
DataView 52-106,52,106,,,,
DataView 109-134,109,134,,,,
DataView 137-174,137,174,,,,
DataView 177-217,177,217,,,,
DataView 220-255,220,255,,,,
DataView 258-300,258,300,,,,
DataView 303-347,303,347,,,,
DataView 350-407,350,407,,,,
DataView 410-463,410,463,,,,
DataView 466-519,466,519,,,,
DataView 522-575,522,575,,,,
DataView 578-632,578,632,,,,
DataView 635-664,635,664,,,,
DataView 667-697,667,697,,,,
DataView 700-727,700,727,,,,
